DateTime,Parameter A,Parameter B,Parameter C,Parameter D,Parameter E,Parameter F,Parameter G
1625830486,1.36,0.62,-0.7,6.2,-1.01,-0.31,5.38
1625830487,1.52,0.8,-0.21,6.2,0.2,-0.6,5.12
1625830488,2.01,0.42,0.93,6.2,0.88,0.45,5.17
1625830489,2.41,-0.1,3.03,6.22,1.87,-1.35,5.52
1625830490,1.77,-1.06,4.33,6.15,2.4,-2.27,5.2
1625830491,1.56,-2,4.52,6.18,2.18,-3.31,5.13
1625830492,1.25,-2.81,4.43,6.07,2.02,-2.43,3.15
1625830493,0.48,-3.66,3.74,6.11,1.14,-3.25,2.43
1625830494,-0.45,-4.17,2.05,6.13,0.59,-2.28,-0.8
1625830495,-1.28,-4.42,0.44,6.12,-0.43,-1.48,-1.98
1625830496,-1.5,-4.04,0.11,6.1,-0.16,-0.97,-2.15
1625830497,-1.77,-3.66,0.13,6.09,-0.44,-4,-1.09
1625830498,-2.62,-2.73,0.17,6.07,-0.17,-4.11,-0.36
1625830499,-2.9,-1.53,-0.55,6.14,-1.86,-2.51,-0.35
1625830500,-1.7,-0.57,-0.98,6.1,-1.46,-1.85,-1.37
1625830501,0.08,0,-1.89,6.12,-3.39,0.8,-2.04
1625830502,1.08,0.43,-2.31,6.16,-3.36,1.8,-2.42
1625830503,1.3,0.24,-2.65,6.13,-3.4,0.9,-2.72
1625830504,1.31,0,-2.75,6.16,-3.63,-1.75,-1.34
1625830505,1.58,-0.59,-3.08,6.17,-3.08,-1.82,-0.75
1625830506,1.65,-1.82,-3.61,6.18,-3.4,-3.85,-0.53
1625830507,1.78,-2.51,-3.43,6.22,-3.24,-2.72,-0.12
1625830508,1.56,-3.37,-3.16,6.19,-4.15,-1.26,-0.97
1625830509,1.14,-4.15,-2.64,6.18,-3.33,0.04,-0.21
1625830510,0.28,-4.55,-2.03,6.23,-2.71,-1.93,0.53
1625830511,-0.54,-4.73,-1.23,6.18,-1.81,-0.51,1.25
1625830512,-0.41,-4.63,-1.09,6.16,-1.46,-1.15,2.03
1625830513,-0.01,-4.37,-0.44,6.16,1.35,-2.27,2.78
1625830514,-0.25,-4.15,1.36,6.13,2.49,-1.03,6.35
1625830515,-0.63,-3.8,3.32,6.13,3.5,-0.1,6.64
1625830516,-1.22,-3.34,4.4,4.81,3.91,0.45,6.86
1625830517,-1.74,-2.86,4.64,2.5,4.28,-0.33,6.05
1625830518,-2.56,-2.23,5.62,1.54,4.45,-3.06,6.01
1625830519,-3.52,-1.58,5.5,0.42,4.69,-3.99,5.37
1625830520,-4.22,-0.95,5.15,0.28,4.01,-4.62,3.6
1625830521,-4.42,-0.34,4.73,-1.1,3.93,-3.57,2.23
1625830522,-4.1,0.08,3.55,-2.66,3.45,-1.08,-0.42
1625830523,-3.48,0.87,1.59,-4.08,2.68,-0.1,-1.11
1625830524,-2.46,0.83,0.05,-4.3,2.14,-0.48,-1.92
1625830525,-1.37,0.84,-1.41,-4.65,1.62,-0.64,-2.63
1625830526,-0.38,0.45,-2.64,-4.73,0.72,-2.42,-3.57
1625830527,0.12,-0.25,-3.76,-4.88,-0.81,-2.73,-4.38
1625830528,0.31,-0.97,-4.83,-4.91,-2.21,-1.6,-5.31
1625830529,1.19,-1.71,-5.2,-5.05,-4.82,-2.59,-5.87
1625830530,2.48,-2.79,-5.03,-5.48,-4.08,-0.93,-5.17
1625830531,4,-3.36,-4.49,-5.47,-5.41,0.59,-4.01
1625830532,4.71,-3.87,-2.66,-5.44,-6.08,0.75,-3.35
1625830533,4.93,-4.38,-1.61,-5.45,-6.96,0.54,-2.6
1625830534,4.42,-4.88,-0.98,-3.62,-8.38,-0.59,-3.52
1625830535,3.63,-5.21,-1.07,0.48,-9.34,-2.91,-3.36
1625830536,2.12,-5.33,-1.26,4.95,-9.28,-4.92,-4.06
1625830537,-0.39,-5.22,-2.23,7.53,-7.39,-4.74,-0.85
1625830538,-2.67,-4.68,-2.81,9.31,-5.93,-3.8,0.56
1625830539,-4.49,-3.92,-3.3,10.19,-3.45,-0.08,2.68
1625830540,-5.34,-3.05,-3.04,10.82,-2.9,1.92,3.13
1625830541,-5.44,-2.21,-1.12,11.24,0.12,2.83,5.11
1625830542,-5.28,-1.42,2.27,11.4,1.42,0.13,5.74
1625830543,-4.57,-0.67,4.9,11.13,3.48,-1.24,7.92
1625830544,-2.91,-0.12,6.46,8.3,4.14,-2.94,8.84
1625830545,-0.25,0.14,7.71,3.91,4.77,-3.09,8.25
1625830546,1.71,-0.01,7.16,0.91,4.22,-2.01,6.35
1625830547,2.9,-0.24,5.32,-0.51,3.92,-2.62,3.96
1625830548,2.68,-0.93,4.51,-1.77,3.33,-3.02,1.84
1625830549,1.28,-1.64,1.67,-2.29,2.53,-5.34,-0.74
1625830550,0.04,-2.12,-1.2,-2.38,1.1,-3.53,-2.31
1625830551,-1.25,-2.65,-3.95,-2.54,-0.08,-2.8,-3.81
1625830552,-2.12,-2.5,-5.36,-2.71,-0.77,-1.4,-4.16
1625830553,-2.73,-2.44,-5.9,-2.69,-1.61,-0.84,-4.04
1625830554,-2.72,-1.85,-6.12,-2.85,-1.88,0.28,-3.88
1625830555,-2.59,-1.55,-5.98,-2.87,-1.43,0.31,-3.86
1625830556,-1.79,-1.04,-5.1,-2.82,-1.48,2.34,-1.68
1625830557,-0.53,-0.72,-3.94,-3.02,-1.46,1.52,0.21
1625830558,0.81,-0.61,-2.14,-3.6,-0.94,-0.29,-0.13
1625830559,1.75,-0.75,0.53,-3.6,-1.09,-4.12,0.22
1625830560,2.29,-1.14,2.07,-3.61,-0.53,-4.16,0.92
1625830561,2.72,-1.53,2.18,-3.56,-0.64,-2.76,1.61
1625830562,2.92,-2.23,0.53,-1.86,-1.2,-0.61,1.73
1625830563,3.07,-2.93,-1.12,1.73,-1.33,-0.1,0.2
1625830564,2.77,-3.71,-2.09,5.59,-1.84,-1.01,0.12
1625830565,2.02,-4.22,-1.19,7.97,-1.87,-1.35,-1.7
1625830566,1.12,-4.47,0.48,9.37,-1.21,-0.98,-0.16
1625830567,0.04,-4.4,1.65,10.04,-0.48,-0.49,2.15
1625830568,-0.92,-4.22,2.84,10.32,0.34,-0.75,1.93
1625830569,-1.91,-3.74,3.06,11.11,0.88,-2.79,2.92
1625830570,-2.62,-2.61,3.71,11.06,0.79,-3.89,3.29
1625830571,-3.6,-2.24,3.21,11.24,0.84,-2.91,1.54
1625830572,-4.5,-1.27,2.38,11.31,0.69,-1.28,2.21
1625830573,-5.1,-0.83,0.96,10.79,0.7,0.42,1.3
1625830574,-4.97,-0.4,0.5,7.23,0.88,1.25,1.1
1625830575,-4.35,-0.01,1.04,3.35,1.24,-0.81,0.79
1625830576,-2.8,0.43,1.79,-1.43,0.84,-2.09,2.04
1625830577,-0.69,0.47,1.87,-4.54,1.58,-3.41,2.37
1625830578,0.8,0.23,0.53,-6.26,0.79,-3.66,1.68
1625830579,1.41,-0.27,-1.96,-6.91,0.06,-2.03,-0.12
1625830580,1.75,-0.66,-4.08,-7.57,-1.77,-2.23,-2.33
1625830581,1.93,-1.36,-5.26,-7.76,-2.89,-3.15,-3.1
1625830582,1.76,-2.1,-5.48,-8.15,-3.4,-1.58,-3.7
1625830583,1.42,-2.61,-6,-8.39,-4.89,0.38,-4.47
1625830584,1.71,-2.97,-6.65,-8.14,-5.27,-0.38,-4
1625830585,2.75,-3.17,-5.68,-5.02,-5.03,0.09,-3.36
1625830586,3.22,-2.97,-3.44,-1.43,-4.82,-2.01,-1.69
1625830587,3.16,-3.05,-0.84,3.43,-4.32,-3.36,-1.13
1625830588,2.53,-3.05,0.76,7.24,-3.9,-2.56,0.46
1625830589,1.74,-2.84,1.31,8.79,-5.15,-1.6,-0.35
1625830590,1.32,-2.81,0.82,9.67,-4.05,-0.97,-0.44
1625830591,1.38,-2.79,0.54,10.21,-3.49,-1.21,1.46
1625830592,0.6,-2.93,0.94,10.41,-3.19,-2.6,1.51
1625830593,-0.58,-2.77,1.94,11.07,-2.59,-2.99,1.96
1625830594,-1.84,-2.58,2.92,11.08,-2.14,-1.54,2.21
1625830595,-3.03,-2.39,3.13,11.27,-1.51,-1.67,1.91
1625830596,-3.7,-2.23,2.55,11.29,-1.63,-0.5,1.64
1625830597,-3.78,-1.9,2.13,11.27,-1.3,-1.94,2.09
1625830598,-3.73,-1.77,1.06,9.63,-0.36,-2.96,2.13
1625830599,-3.65,-1.58,0.04,6.46,0.33,-1.03,3.22
1625830600,-3.87,-1.33,-0.22,1.88,1,-1.83,3.33
1625830601,-4.38,-1.11,0.68,-2.34,0.93,-1.31,2.9
1625830602,-4.44,-0.82,1,-4.44,0.86,-3.62,2.16
1625830603,-3.82,-0.36,0.94,-6.04,0.31,-2.56,0.43
1625830604,-2.5,0.25,0.48,-6.34,0.01,1.17,0.45
1625830605,0.06,0.71,-0.61,-6.65,0.25,1.92,-0.28
1625830606,2.72,0.45,-1.55,-6.88,-0.41,1.27,-0.56
1625830607,5.09,0.29,-1.82,-7.16,0.58,-1.5,1.15
1625830608,6.36,-0.66,-1.06,-7.5,-0.09,-3.44,1.03
1625830609,6.55,-1.77,-1.07,-7.51,-0.46,-3.91,0.7
1625830610,6.03,-3.08,-1.22,-7.59,-2.05,-3.82,-1.57
1625830611,4.89,-4.1,-2.49,-5.02,-2.87,-2.63,-2.37
1625830612,3.75,-4.95,-3.71,-1.51,-3.57,-1.2,-3.88
1625830613,2.54,-5.52,-4.04,3.3,-7.02,-0.54,-4.12
1625830614,1.25,-5.88,-4.11,5.96,-8.22,-0.28,-5.58
1625830615,-0.11,-6.05,-2.64,7.57,-10.66,-0.38,-5.66
1625830616,-1.84,-5.78,-1.14,9.13,-9.07,-0.76,-4.57
1625830617,-3.63,-5.13,0.9,9.21,-9.77,-2.48,-3.26
1625830618,-4.58,-4.26,1.77,9.43,-6.89,-3,-1.14
1625830619,-4.83,-3.13,1.46,9.52,-4.92,-1.36,2.39
1625830620,-4.88,-1.82,0.85,9.58,-3.22,-0.58,3.24
1625830621,-4.8,-0.35,0.94,9.55,-1.87,-1.05,4.33
1625830622,-3.94,0.83,1.46,7.29,0.17,-2.01,4.63
1625830623,-1.39,1.62,2.26,3.69,0.92,0.23,5.39
1625830624,1.7,1.52,3.02,0.34,1.25,0.05,5.22
1625830625,4.57,1.12,3.98,-0.99,0.91,1.04,3.54
1625830626,4.91,0.23,3.89,-2.24,0.95,-2.34,3.42
1625830627,3.5,-1.07,3.17,-2.45,1.05,-4.35,2.63
1625830628,2.56,-2.59,1.71,-2.67,0.91,-4.23,1.84
1625830629,2.69,-3.88,0.43,-2.8,0.35,-2.64,0.82
1625830630,2.46,-4.77,-0.64,-3.91,-0.31,-0.85,-0.72
1625830631,0.96,-5.41,-1.21,-3.93,-1.86,-0.98,-2.25
1625830632,-1.81,-5.24,-1.59,-3.93,-2.09,-2.37,-3.94
1625830633,-3.88,-4.74,-2.57,-1.73,-2.73,-3.2,-2.94
1625830634,-4.6,-3.65,-2.89,0.56,-2.74,-3.75,-2.09
1625830635,-5.12,-2.28,-2.95,2.02,-2.35,-3.32,-1.91
1625830636,-5.19,-0.75,-2.78,2.66,-2.53,-1.03,-0.62
1625830637,-4.25,0.62,-2.39,2.95,-1.09,0.95,0.02
1625830638,-2.87,1.77,-2.73,3.02,-1.19,0.79,1.07
1625830639,-1.36,2.52,-2.67,3.19,-0.41,0.32,1.96
1625830640,1.01,2.63,-1.99,3.18,0.28,-0.87,3.03
1625830641,3.94,2.18,-1.04,3.17,0.92,-2.16,3.16
1625830642,5.66,0.97,-0.36,3.18,1.26,-1.98,3.16
1625830643,6.06,-0.42,-0.43,3.31,1.35,-0.51,3.05
1625830644,5.14,-2.4,-0.54,3.26,0.98,-1.89,2.15
1625830645,3.35,-4.43,-0.91,3.31,0.64,-1.62,1.27
1625830646,0.94,-6.1,-0.67,3.29,0.3,-3.06,-0.49
1625830647,-1.07,-7.21,-0.34,3.3,-0.79,-2.31,-1.8
1625830648,-2.21,-7.68,0.53,3.32,-0.77,-2.26,-2.02
1625830649,-2.68,-7.46,1.7,3.29,-0.54,-0.83,-1.75
1625830650,-2.76,-6.83,2.98,3.3,-0.01,-1.02,-0.02
1625830651,-2.84,-5.51,4.05,3.29,0.15,-2.48,1.11
1625830652,-2.93,-3.77,3.96,3.31,1.28,-0.67,2.2
1625830653,-2.94,-2.15,3.84,3.34,1.3,-2.15,1.96
1625830654,-2.6,-0.55,3.16,3.31,1.72,-1.8,2.6
1625830655,-2.28,0.58,1.88,3.32,1.58,-1.36,2.95
1625830656,-2.18,1.58,0.57,3.36,1.6,-0.85,2.24
1625830657,-1.73,2,-0.31,3.3,0.87,0.57,0.86
1625830658,-0.68,1.76,-0.08,3.31,0.6,-0.74,0.06
1625830659,-0.2,1.01,-1.03,3.29,-0.1,-3.18,-0.98
1625830660,-0.23,-0.24,-1.65,3.26,-0.51,-2.74,-1.11
1625830661,-0.81,-1.75,-2.43,3.07,-0.91,-3.42,-1.51
1625830662,-2.27,-3.05,-3.22,0.56,-2.07,-1.3,-2.31
1625830663,-3.88,-4.01,-3.88,-2.5,-1.85,-0.95,-2.6
1625830664,-4.65,-4.27,-3.58,-4.74,-2.4,-1.3,-2.88
1625830665,-4.42,-4.05,-2.86,-6.98,-1.98,-2.56,-2.32
1625830666,-3.33,-3.39,-1.61,-8.36,-1.77,-2.25,-0.64
1625830667,-2.7,-2.35,-1.03,-8.87,-1.24,-1.72,0
1625830668,-2.35,-1.01,-0.53,-9.39,-1.62,-1.89,0.55
1625830669,-1.03,0,-0.86,-9.79,-0.52,-2.75,0.7
1625830670,0.48,1.15,-1.73,-10.14,-0.03,-1.85,3.16
1625830671,1.97,1.93,-2.82,-10.42,0.53,-0.27,2.84
1625830672,4.25,2.56,-3.4,-10.41,0.35,1.7,2.56
1625830673,6.43,2.33,-2.65,-10.57,0.92,2.22,2.2
1625830674,8.67,1.76,-0.2,-10.23,0.8,1.8,2.7
1625830675,9.71,0.31,2.39,-7.1,0.74,-0.51,1.61
1625830676,8.66,-1.68,3.66,-2.77,-0.83,-2.77,-1.45
1625830677,6.1,-3.65,3.17,2.07,-1.75,-5.44,-2.23
1625830678,1.73,-5.25,1.74,5.95,-3.76,-5.96,-4.22
1625830679,-2.26,-6.32,-0.28,8.27,-6.29,-2.11,-5.08
1625830680,-4.46,-6.45,-1.14,9.79,-4.99,-1.05,-4.22
1625830681,-6.57,-5.97,-0.32,10.36,-4.63,-1.92,-2.7
1625830682,-8.64,-4.26,1.36,11.26,-2.89,-1.08,-1.13
1625830683,-9.1,-2.24,3.13,11.34,-2.1,-0.16,2.22
1625830684,-7.51,0.03,3.94,9.08,-0.74,-2.97,2.79
1625830685,-4.33,2,3.06,4.89,-0.02,-2.77,4.27
1625830686,-1.6,3.45,1.72,0.61,1.71,-2.33,4.05
1625830687,0.97,4.18,-0.38,-2.29,1.72,0.5,5.4
1625830688,3.9,4.2,-1.61,-2.97,1.47,-0.4,4
1625830689,5.97,3.32,-1.81,-4.39,1.04,0.31,2.52
1625830690,6.3,1.64,-1.81,-4.71,0.87,-1.42,1.21
1625830691,5.85,-0.66,-2.48,-4.84,0.3,-2.16,-0.73
1625830692,5.67,-2.77,-2.29,-5.04,-0.69,-1.74,-0.72
1625830693,5.43,-4.99,-2.43,-5.12,-2.51,-2.72,-3.85
1625830694,5.01,-6.29,-1.95,-3.25,-4.89,-2.96,-5.16
1625830695,3.64,-7.1,-1.15,0.66,-4.52,-1.55,-5.33
1625830696,1.71,-7,-1.07,4.49,-7.49,-2.85,-4.63
1625830697,-1.19,-6.14,-1.58,5.82,-9.3,-2.45,-4.48
1625830698,-3.22,-4.62,-1.91,7.12,-12.01,-1.87,-5.35
1625830699,-3.6,-2.83,-2.44,7.64,-9.63,-1.32,-5.02
1625830700,-3.34,-1.1,-1.87,7.85,-8.75,-0.73,-1.61
1625830701,-2.83,0.44,-1.33,8.04,-6.03,-1.5,0.11
1625830702,-1.86,1.86,-0.67,8.12,-2.84,0.25,4.35
1625830703,-0.36,2.23,0.25,8.2,-0.52,0.62,5.2
1625830704,1.27,2.47,0.54,8.2,1.32,0.63,5.99
1625830705,2.56,1.71,1.51,8.34,2.72,-0.98,6.92
1625830706,3.05,0.56,2.23,8.35,2.56,-1.55,6.12
1625830707,2.51,-1.05,2.98,8.5,2.57,-1.77,6.09
1625830708,1.03,-3.17,3.44,8.53,1.92,-0.65,2.8
1625830709,-0.72,-4.77,3.28,8.56,1.85,-2.38,1.63
1625830710,-1.55,-5.9,2.91,7.23,2.31,-2.68,1.83
1625830711,-1.67,-6.42,2.43,4.01,1.55,-4.59,0.97
1625830712,-2.04,-6.26,1.38,0.33,1.18,-5.35,-0.15
1625830713,-2.59,-5.67,-0.16,-2.24,0.13,-3.8,-1.31
1625830714,-2.92,-4.47,-1.72,-2.82,-0.76,-1.24,-3.48
1625830715,-3.63,-2.9,-2.71,-4.15,-3.34,-0.88,-4.22
1625830716,-4.31,-1.14,-3.29,-4.41,-3.85,0.32,-4.35
1625830717,-3.84,0.6,-3.7,-4.51,-3.57,-1.43,-2.55
1625830718,-2.43,1.98,-3.53,-4.81,-2.7,-0.36,-2.47
1625830719,-0.33,3.1,-3.02,-4.82,-2.05,-0.36,-0.39
1625830720,2.14,3.37,-2.29,-4.94,-1.91,0.99,0.14
1625830721,4.39,2.72,-1.37,-4.94,-1.9,1.29,0.69
1625830722,5.69,1.44,-1.13,-4.95,-2.38,-0.61,-0.04
1625830723,6.35,-0.03,-0.14,-4.93,-2.41,-1.76,-0.43
1625830724,5.79,-1.96,0.47,-4.86,-2.39,-2.72,-0.41
1625830725,4.09,-3.89,0.03,-2.48,-2.97,-4.31,-0.33
1625830726,1.66,-5.44,-1.17,1.22,-3.39,-3.24,-1.33
1625830727,-0.82,-6.38,-2.25,4.81,-4.01,-3.16,-1.24
1625830728,-2.84,-6.42,-2.36,6.6,-5.21,-3.02,-2.16
1625830729,-3.73,-6.02,-2.4,7.28,-5.44,-1.39,-1.82
1625830730,-3.36,-5.33,-2.05,7.77,-5.83,-0.13,-2.18
1625830731,-2.76,-4.12,-1.13,7.87,-4.8,0.85,-1.37
1625830732,-2.73,-2.85,-0.41,7.97,-2.12,2.2,2.46
1625830733,-3.04,-1.62,0.84,8.01,-0.2,-1.36,4.31
1625830734,-3.07,-0.52,1.33,8.13,2.01,-1.47,5.24
1625830735,-2.04,0.25,2.1,7.73,2.48,-2.93,6.51
1625830736,-0.58,0.29,2.08,5.38,3.27,-3.28,6.07
1625830737,0.45,0.29,2.16,2.33,3.05,-2.63,5.88
1625830738,1.42,0.22,1.52,0.28,2.77,-1.24,2.89
1625830739,2.27,-0.28,0.6,-0.45,2.44,-0.79,2.7
1625830740,2.99,-1.23,-0.33,-0.84,2.22,0.43,0.19
1625830741,2.62,-2.15,-0.22,-1.42,1.53,0.38,-0.52
1625830742,1.54,-3,-0.31,-1.55,0.63,-0.78,-2.3
1625830743,0.17,-3.52,-0.3,-1.86,-1.47,-2.42,-2.73
1625830744,-0.51,-3.7,-0.02,-2.16,-1.06,-4.21,-3.11
1625830745,-1.06,-3.63,-0.37,-2.18,-2.3,-3.8,-3.12
1625830746,-2.02,-3.15,-1.47,-2.33,-3.07,-1.32,-3.18
1625830747,-2.62,-2.33,-2.39,-2.27,-3.88,-1.03,-3.18
1625830748,-2.22,-1.29,-2.58,-2.24,-4.28,0.38,-3.63
1625830749,-0.84,-0.54,-2.79,-2.28,-5.34,0.76,-4.52
1625830750,0.63,0.32,-2.66,-2.25,-5.28,-0.85,-3.43
1625830751,1.23,0.63,-2.72,-2.27,-4.34,-1.74,-1.28
1625830752,1.36,0.34,-3.23,-2.28,-3.23,-2.07,-0.03
1625830753,1.81,0.42,-3.04,-2.25,-2.3,-1.75,1.55
1625830754,2.08,-0.3,-3.17,-2.31,-2.41,-0.96,1.85
1625830755,2.44,-0.96,-2.45,-1.89,-1.38,0.65,2.04
1625830756,3.25,-2.02,-1.08,1.27,-0.16,0.2,2.75
1625830757,3.57,-3.22,0.51,4.79,0.44,-0.27,3.3
1625830758,2.71,-4.24,3.07,7.01,-0.18,-2.57,3.21
1625830759,1.05,-5.24,4.22,7.77,-0.2,-2.74,1.64
1625830760,-0.31,-5.8,4.6,8.14,-0.53,-3.25,1.42
1625830761,-1.48,-5.93,4.42,9.03,-0.08,-3.18,1.4
1625830762,-2.88,-5.61,4.31,9,-0.92,-3.77,0.54
1625830763,-4.63,-4.74,3.41,9.21,-0.53,-4.63,0.62
1625830764,-5.47,-3.39,1.82,9.21,-1.13,-4.53,-0.2
1625830765,-4.5,-2.03,0.6,9.17,-1.8,-2.47,-0.14
1625830766,-2.87,-0.51,-1.12,9.17,-1.36,-0.17,-0.02
1625830767,-0.86,0.2,-1.88,6.96,-1.62,0.13,0
1625830768,0.71,1.02,-2.12,4,-1.35,1.55,-0.06
1625830769,1.8,1.29,-1.78,2.2,-1.23,-1.1,-0.34
1625830770,2.54,0.84,-1.06,0.97,-2.11,-2.81,-0.91
1625830771,2.28,0.07,-1.02,0.03,-2.58,-2.72,-0.43
1625830772,0.95,-0.67,-1.74,0.05,-2.86,-1.17,-1.25
1625830773,-0.41,-1.72,-2.31,-0.27,-4.74,1.07,-2.15
1625830774,-1.31,-2.69,-2.24,-0.39,-6.1,-0.01,-3.59
1625830775,-2.01,-3.42,-1.51,-0.82,-8.22,-1.93,-3.76
1625830776,-2.8,-3.74,-1.17,-1.32,-6.62,-3.31,-3.65
1625830777,-3,-3.72,-1.15,-1.28,-6,-4.49,-0.94
1625830778,-2.1,-3.46,-1.96,-1.35,-4.27,-3.03,-0.01
1625830779,-0.97,-2.91,-2.66,-1.39,-2.77,-1.32,2.25
1625830780,-0.58,-2.31,-2.34,-1.38,-2.41,0.08,3.32
1625830781,-0.75,-1.68,-2.03,-1.41,-1.15,1.12,2.96
1625830782,-1.15,-1.2,-1.08,-1.43,-0.83,-1.51,2.72
1625830783,-1.61,-0.96,-0.39,-1.44,-0.27,-3.11,2.56
1625830784,-1.76,-0.73,-0.41,-1.47,0.32,-2.71,2.75
1625830785,-1.17,-0.41,-0.23,-1.44,1.17,-3.82,4.1
1625830786,-0.64,-0.54,-1.21,-1.47,1.08,-1.27,3.38
1625830787,-0.22,-0.37,-1.57,-1.44,1.6,0,2.86
1625830788,0.29,-0.27,-1.75,-1.4,1.37,1.19,2.83
1625830789,1.59,-0.49,-1.91,-1.46,1.68,0.7,2.07
1625830790,4.28,-0.71,-0.93,-1.45,1.42,-0.18,1.84
1625830791,6.18,-1.21,0.57,-1.43,1.08,-3.39,0.47
1625830792,5.87,-1.71,1.85,-1.41,0.2,-1.68,0.25
1625830793,4.43,-2.47,2.17,-1.4,-1.4,-2.41,-1.52
1625830794,3.44,-2.97,1.38,-1.31,-2.95,-2.31,-3.88
1625830795,2.89,-3.45,0.43,0.99,-3.24,-2.01,-3.66
1625830796,1.4,-3.77,0.87,4.78,-3.2,-2.69,-3.05
1625830797,-0.38,-3.68,1.5,6.9,-4.5,-2.74,-3.38
1625830798,-1.38,-3.43,0.8,7.74,-4.87,-1.77,-3.73
1625830799,-1.34,-3.17,0.62,8.16,-5.47,-0.41,-2.54
1625830800,-0.84,-2.7,-0.69,8.96,-5.4,-0.81,-2.14
1625830801,0.21,-2.19,-1.25,9.16,-5.55,-2.16,-2.38
1625830802,1.13,-1.68,-1.82,9.11,-4.56,-3.14,-1
1625830803,0.98,-1.46,-2.75,9.1,-5.2,-2.97,0.15
1625830804,0.61,-1.45,-3.62,9.09,-4.22,-0.85,0.1
1625830805,0.34,-1.91,-4.01,9.04,-3.57,-0.31,1.67
1625830806,-0.01,-2.22,-3.21,9.02,-3.4,-0.32,1.32
1625830807,-0.95,-2.66,-1.27,9.03,-2.56,-2.23,1.92
1625830808,-2.56,-3.09,0.48,8.97,-2.19,-3.09,2.18
1625830809,-4.63,-3.36,0.76,8.98,-1.65,-1.81,2.72
1625830810,-5.45,-3.4,0.56,7.65,-1.16,-1.69,2.36
1625830811,-4.26,-2.83,-0.27,4.11,-0.34,0.47,2.72
1625830812,-2.91,-2.48,-0.35,-0.02,0.68,-2.58,3.33
1625830813,-1.99,-1.79,0.67,-2.55,2.17,-3.36,4.86
1625830814,-1.39,-0.93,1.4,-4.45,2.04,-2.89,4.83
1625830815,-0.12,-0.34,1.93,-4.8,1.91,-0.85,3.74
1625830816,0.9,0.12,1.46,-5.12,2.04,0.03,2.87
1625830817,1.75,0.29,0.58,-5.9,1.87,1.09,1.62
1625830818,2.89,0.34,0.62,-6.17,1.94,0.03,1.55
1625830819,3.32,0,1.03,-6.34,1.48,-2.12,0.7
1625830820,3.99,-0.51,1.93,-6.33,1.33,-2.91,0.12
1625830821,4.39,-1.18,2.15,-5.72,0.7,-2.62,-0.91
1625830822,4.18,-2.15,1.46,-1.99,-1.29,-1.37,-2.42
1625830823,3.46,-2.96,0.25,2.2,-2.71,-1.16,-3.45
1625830824,1.97,-3.73,-1.24,6.17,-5.64,-1.92,-4.59
1625830825,0.48,-4.03,-2.32,8.71,-6.08,-0.55,-5.17
1625830826,-0.66,-4.19,-2.29,10.23,-6.95,-1.01,-4.82
1625830827,-1.38,-4.17,-1.28,11.32,-7.46,-1.43,-4.52
1625830828,-2.25,-4.14,-0.88,11.44,-6.89,-2.56,-3.36
1625830829,-3.29,-3.82,-0.38,11.58,-7.06,-2.74,-2.07
1625830830,-4.12,-3.3,-1.24,11.66,-4.4,-3.22,0.62
1625830831,-4.84,-2.77,-1.98,11.68,-3.32,-3.69,2.32
1625830832,-5.45,-2.08,-3.45,11.13,-1.43,-1.97,3.55
1625830833,-4.74,-1.27,-3.2,7.8,-0.58,-0.99,4.32
1625830834,-3.54,-0.56,-1.9,3.47,0.77,-0.2,4.47
1625830835,-1.59,-0.25,-0.83,-0.32,1.02,-2.14,5.22
1625830836,-0.05,0.24,0.44,-2.51,1.14,-2.32,4.47
1625830837,0.95,0.17,0.72,-3.65,0.79,-1.73,2.94
1625830838,1.77,0.4,-0.14,-4.41,0.55,-0.81,2.72
1625830839,2.15,-0.11,-1.02,-4.52,0.49,-2.66,0.78
1625830840,2.56,-0.85,-1.98,-4.86,-0.02,-2.12,0.73
1625830841,2.92,-1.31,-1.94,-4.93,-0.41,-0.4,-0.36
1625830842,2.77,-1.98,-1.88,-5.05,-0.47,1.18,-0.59
1625830843,2.1,-2.55,-1.04,-5.11,-0.62,-0.46,-0.97
1625830844,0.98,-2.88,-0.27,-3.64,-0.71,-1.77,-0.54
1625830845,-0.2,-2.91,0.6,0.46,-0.01,-3.3,0.63
1625830846,-0.85,-2.78,1.07,2.98,0.05,-3.77,0.54
1625830847,-1.21,-2.6,1.37,4.59,-0.41,-2.58,0.44
1625830848,-0.8,-2.12,1.73,5.3,0.04,-0.49,0.46
1625830849,-0.5,-1.85,1.72,5.61,0.58,-1.02,1.35
1625830850,-0.26,-1.45,1.72,6.33,-0.06,-1.68,1.24
1625830851,-0.44,-1.29,1.01,6.25,0.44,-2.07,0.99
1625830852,-0.95,-1.3,-0.36,6.42,-0.37,-1.67,0.54
1625830853,-1.19,-1.61,-1.08,6.44,-0.79,-1.75,0.01
1625830854,-0.26,-1.83,-0.8,6.4,-1.55,-1.13,-1.1
1625830855,1.21,-2.11,0.47,6.38,-1.4,-1.34,-1.22
1625830856,2.34,-2.61,1.21,6.4,-1.46,-1.65,-0.59
1625830857,2.02,-3.28,0.74,6.36,-1.76,-3.32,-0.73
1625830858,0.75,-4.02,-0.15,6.39,-1.4,-4.65,-0.24
1625830859,-0.98,-4.35,-2.12,6.35,-2.09,-4.83,-0.32
1625830860,-2.27,-4.74,-3.59,6.37,-1.78,-3.06,-0.71
1625830861,-3.22,-4.41,-4.87,6.42,-1.93,0.01,-0.54
1625830862,-4.48,-3.87,-4.81,6.39,-1.61,0.99,-0.65
1625830863,-4.95,-3.21,-3.52,6.41,-1.53,0.79,0.08
1625830864,-4.77,-2.19,-1.98,5.55,-1.1,-0.07,0.83
1625830865,-4.41,-1.23,-0.43,2.26,-0.84,-2.89,1.47
1625830866,-3.8,-0.21,1.19,-0.7,-0.43,-0.99,1.62
1625830867,-2.95,0.5,1.51,-2.73,0.29,-1.58,2.02
1625830868,-1.71,0.95,1.82,-4.33,1.17,-0.85,3.47
1625830869,-0.54,1,2.01,-4.59,1.19,-0.15,3.99
1625830870,0.14,0.78,2.43,-4.8,1.26,-1.64,3.51
1625830871,0.28,0.28,1.92,-5.05,0.43,-1.26,0.99
1625830872,0.31,-0.52,1.29,-5.69,0.09,-1.92,0.05
1625830873,0.7,-1.35,1,-5.84,0.16,0.35,-0.19
1625830874,0.97,-2.34,1.87,-5.98,-0.18,1.28,-0.39
1625830875,1.14,-3.07,3.31,-6,0.63,-1.2,0.54
1625830876,1.2,-3.58,4.53,-6.16,0.67,-3.79,1.11
1625830877,0.87,-3.72,4.78,-6.15,0.69,-5.86,1.07
1625830878,0.09,-3.82,4.32,-6.21,0.13,-3.51,0.32
1625830879,-0.06,-3.46,1.64,-6.17,-0.99,-1.04,-1.86
1625830880,0.08,-2.81,-0.37,-3.75,-3.11,0.54,-3.36
1625830881,-0.39,-2.32,-1.29,0.14,-2.77,-0.4,-3.79
1625830882,-2,-1.95,-1.34,2.35,-4.86,-1.7,-3.86
1625830883,-3.49,-1.49,-1.98,3.13,-5.07,-4.66,-3.61
1625830884,-4.34,-1.14,-3.41,4.29,-5.8,-4.73,-2.06
1625830885,-4.29,-0.9,-4.43,4.51,-6.9,-1.76,-2.66
1625830886,-3.39,-0.67,-5.53,4.66,-7.85,-1.02,-4.14
1625830887,-1.71,-0.79,-6.22,4.69,-6.52,-0.62,-3.25
1625830888,0.5,-0.93,-5.81,4.74,-4.96,0.65,0.72
1625830889,2.16,-1.27,-4.45,4.72,-2.71,0.23,1.8
1625830890,2.76,-1.85,-2.75,4.76,-2.16,-1.78,2.57
1625830891,3.04,-2.43,-1.96,4.83,-1.28,-3.3,3
1625830892,2.44,-3.15,-1.08,4.91,0.59,-2.25,4.49
1625830893,1.12,-3.76,-1.12,4.94,-0.37,-2.6,4.3
1625830894,-0.09,-3.89,-0.92,4.93,1.51,-0.75,4.72
1625830895,-0.39,-3.94,-0.1,4.92,1.74,-0.63,5.28
1625830896,-1.08,-3.76,1.4,4.97,3.01,-0.98,5.12
1625830897,-2.21,-3.45,3.5,4.88,2.75,-2.31,5.01
1625830898,-2.83,-2.79,4.41,2.66,3.38,-2.36,4.34
1625830899,-3.28,-1.98,4.33,-0.39,3.16,-1.79,4.26
1625830900,-3.11,-0.96,4.22,-2.94,3.66,-1.25,3.38
1625830901,-3.17,-0.24,3.92,-4.81,3.64,-1.56,3.64
1625830902,-2.87,0.43,3.79,-6.2,3.93,-1.21,3.23
1625830903,-1.92,0.99,3.25,-6.55,3.7,-1.44,2.97
1625830904,-0.13,1.48,2.88,-6.94,3.42,-1.71,2.54
1625830905,1.76,1.41,1.75,-7.01,2.58,-2.48,0.08
1625830906,3.44,0.9,0.46,-7.16,1.6,-2.86,-1.76
1625830907,4.25,0.23,-1.2,-7.46,0.52,-2.61,-4.04
1625830908,4.72,-0.95,-2.84,-7.48,-0.83,-0.98,-4.55
1625830909,4.72,-2.2,-3.63,-7.47,-3.68,-1.68,-5.78
1625830910,3.85,-3.4,-3.93,-7.23,-7.01,-4.31,-7.03
1625830911,2.89,-4.19,-4.01,-4.44,-9.1,-2.87,-6.63
1625830912,1.12,-4.5,-4.63,-0.02,-12.2,-2.05,-7.04
1625830913,-0.29,-4.58,-6.61,2.74,-11.97,-2.24,-6.95
1625830914,-0.88,-4.09,-8.2,4.58,-12.94,-1.79,-4.68
1625830915,-1.18,-3.44,-8.54,5.15,-12.07,-0.82,-4.66
1625830916,-1.09,-2.61,-7.83,5.55,-8.94,0.39,-0.71
1625830917,-0.5,-1.65,-4.67,6.27,-4.57,0.32,2.32
1625830918,0.11,-1.02,-1.07,6.31,1.04,0.76,6.88
1625830919,0.79,-0.64,1.5,6.32,2.74,1.56,9.26
1625830920,2.02,-0.32,3.37,6.33,3.89,-0.51,9.15
1625830921,2.91,-0.84,4.56,6.34,3.53,-3.18,9.09
1625830922,2.07,-1.4,4.72,6.52,3.93,-4.7,7.28
1625830923,0.65,-2.19,4.84,6.54,3.23,-3.62,5.96
1625830924,-1.07,-2.92,4.36,6.45,3.1,0.66,3.02
1625830925,-2.85,-3.24,3.79,6.43,2.3,0.25,1.27
1625830926,-3.94,-3.42,2.98,6.43,2.57,-1.86,-0.06
1625830927,-3.91,-3.27,1.4,6.35,2.2,-2.4,0.01
1625830928,-3.7,-2.82,-0.35,6.24,1.97,-2.54,-0.77
1625830929,-3.11,-2.27,-2.09,3.68,1.52,-2.57,-0.39
1625830930,-1.93,-1.46,-2.96,0,1.16,-1.7,-1.96
1625830931,-0.72,-0.79,-3.12,-2.33,0.13,-1.07,-2.09
1625830932,0.33,-0.25,-2.65,-3.5,0,-1.44,-2.02
1625830933,1.77,0.04,-1.61,-4.4,-1.05,-0.62,-2.61
1625830934,3.49,0.22,-0.33,-4.56,-0.81,0.26,-1.87
1625830935,5.62,-0.09,0.52,-4.83,-1.11,1.24,-2.02
1625830936,7.55,-0.55,0.65,-4.97,-1.96,-0.1,-1.12
1625830937,8.91,-1.16,0.48,-5.05,-3.01,-2.03,-2.09
1625830938,8.91,-2.4,0.63,-4.49,-4.73,-3.43,-3.51
1625830939,7.01,-3.62,-0.18,-1.67,-5.26,-1.6,-3.85
1625830940,4.42,-4.4,-1.03,3.08,-7.83,-3.18,-4.83
1625830941,1.93,-4.84,-2.67,6.99,-7.44,-2.56,-4.44
1625830942,-0.77,-4.9,-4.48,8.66,-8.13,-1.16,-3.24
1625830943,-3.64,-4.38,-5,9.92,-7.23,-1.64,-2.29
1625830944,-5.24,-3.24,-5.17,10.42,-6.5,-3.31,-0.1
1625830945,-6.53,-1.92,-5.03,11.36,-4.77,-3.28,0.71
1625830946,-8.23,-0.48,-4.33,11.51,-1.18,-0.9,4.15
1625830947,-8.64,0.89,-3,11.47,1.21,-0.59,5.52
1625830948,-7.47,2.13,-1.87,9.87,3.49,0.83,8.19
1625830949,-4.96,3.2,0.03,6.61,3.75,2.72,8.73
1625830950,-1.23,3.9,2.47,2.22,4.27,0.39,7.23
1625830951,2.73,3.93,4.4,-0.37,4.6,-0.31,6.9
1625830952,6.02,3.28,4.78,-2.01,4.77,-2.4,6.77
1625830953,7.55,2.19,4.95,-2.53,4.28,-3.97,5.55
1625830954,6.81,0.33,4.38,-2.81,3.42,-3.11,1.39
1625830955,6,-1.33,2.01,-2.95,2.34,-1.15,-0.84
1625830956,5.78,-3.54,-0.41,-3.75,1.5,-1.9,-3.84
1625830957,4.79,-5.36,-2.09,-1.36,-0.42,-2.56,-4.61
1625830958,2.71,-6.52,-2.52,3.04,-0.7,-1.99,-4.68
1625830959,-0.21,-6.89,-3.3,5.77,-3.09,-3.18,-5.48
1625830960,-3.32,-6.29,-3.6,7.35,-2.31,-4.63,-4.85
1625830961,-5.64,-5.12,-4.17,8.16,-2.56,-3.09,-3.31
1625830962,-6.18,-3.42,-3.24,9.07,-1.87,-0.79,-1.38
1625830963,-5.37,-1.57,-1.84,9.26,-1.29,1.23,0.61
1625830964,-3.87,0.17,-0.15,9.35,0.04,2.74,1.71
1625830965,-1.73,1.61,1.8,9.44,2.13,1.58,3.97
1625830966,0.13,2.54,2.97,9.44,2.46,-0.68,5.56
1625830967,1.56,2.51,3,9.44,2.76,-3.47,5.16
1625830968,2.99,1.84,2.29,9.44,2.42,-3.55,3.94
1625830969,3.11,0.45,0.62,9.45,1.77,-2.63,1.78
1625830970,1.73,-1.12,-1.29,9.27,-0.26,-1.3,-0.07
1625830971,-0.73,-3,-3.55,8.81,-0.87,-0.8,-3.48
1625830972,-2.94,-4.47,-4.84,6.01,-1.86,0.15,-4.2
1625830973,-4.62,-5.62,-4.49,2.01,-2.39,-2.01,-3.57
1625830974,-5.57,-5.94,-2.82,-2.65,-5.56,-3.17,-4.39
1625830975,-5.7,-5.49,-0.98,-5.88,-2.97,-3.89,-4.16
1625830976,-5.49,-4.39,0.36,-8.15,-2.09,-3.69,0.13
1625830977,-4.32,-2.6,0.41,-8.81,-1.7,-1.03,1.75
1625830978,-1.74,-0.48,-0.35,-9.55,-1.12,0.15,1.57
1625830979,0.76,1.31,-1.08,-9.92,-0.29,0.74,2.27
1625830980,2.2,2.61,-1.28,-10.43,1.04,0.69,4.03
1625830981,3.24,3.27,-1.09,-10.6,1.41,-0.36,4.32
1625830982,4.33,3.01,0.64,-10.58,1.28,-0.33,3.58
1625830983,5.31,2.07,1.4,-8.8,1.15,-0.47,1.83
1625830984,6.07,0.56,2.39,-4.88,1.6,-1.84,2.28
1625830985,6.07,-1.27,2.54,-0.43,0.79,-1.27,1.54
1625830986,5.28,-3.07,2.99,4.35,0.44,-0.65,-0.48
1625830987,4.37,-4.9,2.78,7.6,-0.17,-2.17,-1.32
1625830988,2.55,-6.29,2.71,9.74,-0.88,-3.59,-1.98
1625830989,-0.32,-6.98,2.53,11.36,-2.69,-5.83,-2.17
1625830990,-2.83,-6.85,1.95,11.66,-4.91,-4.77,-3.19
1625830991,-4.65,-6.05,0.62,11.84,-6.96,-2.57,-4.78
1625830992,-5.17,-4.6,-0.65,12.01,-6.45,-1.7,-4.4
1625830993,-5,-2.83,-0.98,12.15,-6.24,0.18,-3.84
1625830994,-4.73,-0.95,-1.94,12.11,-4.95,-0.39,-1.29
1625830995,-4.02,0.6,-1.78,10.97,-4.87,-1.68,0.98
1625830996,-2.73,1.76,-2.32,6.89,-4.11,-2.55,0.87
1625830997,-1.06,2.38,-3.24,3.3,-2.35,-0.59,1.93
1625830998,0.78,2.48,-3.93,0.89,-1.45,-0.71,3.37
1625830999,2.31,1.72,-4.66,-0.18,-0.88,-0.51,2.77
1625831000,3.17,0.73,-4.8,-0.9,-1,-1.64,2.71
1625831001,3.02,-0.4,-4.52,-1.55,-0.98,-1.71,1.72
1625831002,2.91,-1.62,-3.23,-1.91,-0.79,-0.36,2.55
1625831003,2.46,-2.93,-2,-2.31,-1.55,-0.85,0.7
1625831004,2.12,-3.93,-0.17,-2.33,-2.55,0.38,-0.99
1625831005,2.68,-4.5,1.95,-2.39,-1.94,0.86,-1.33
1625831006,3.26,-4.92,3.65,-2.51,-2.2,-0.88,-0.41
1625831007,3.02,-4.87,4.71,-2.39,-1.91,-3.94,0.55
1625831008,2.01,-4.71,4.71,0.24,-1.33,-4.45,1.99
1625831009,0.63,-4.27,4.16,3.35,-1.2,-5.55,1.52
1625831010,-1.01,-3.74,2.52,5.78,-0.88,-3.97,1.06
1625831011,-3.28,-2.85,0.1,7.29,-2.09,-1.39,1.06
1625831012,-4.49,-1.83,-1.94,8.05,-1.27,-0.6,0.17
1625831013,-4.62,-0.8,-2.4,8.33,-1.24,0.16,0.73
1625831014,-4.05,-0.14,-1.79,9.12,-0.33,-1.06,1.61
1625831015,-2.7,0.54,-1.05,9.15,0.28,-1.1,2.48
1625831016,-0.24,0.77,-0.09,9.14,1.23,0.6,3.99
1625831017,2.37,0.83,0.86,9.16,1.89,-0.84,3.8
1625831018,3.35,0.24,1.43,9.15,2.2,-0.72,4.15
1625831019,3.64,-0.77,1.16,9.13,2.15,-0.67,3.35
1625831020,4.31,-2.16,0.93,9.13,1.26,-2.66,1.07
1625831021,4.64,-3.54,0.47,9.11,0.73,-3.3,0.39
1625831022,3.1,-4.94,-0.92,9.1,0.33,-4.49,-1.36
1625831023,0.72,-5.98,-1.93,9.1,-1.77,-5.26,-2.09
1625831024,-1.44,-6.24,-3.8,9.04,-3.84,-4.04,-4.3
1625831025,-3.5,-5.96,-4.86,9.05,-4.26,-1.97,-4.77
1625831026,-4.36,-4.94,-5.65,9.03,-4.28,-0.39,-3.43
1625831027,-5.13,-3.41,-4.88,7.13,-5.58,-0.23,-3.58
1625831028,-6.07,-1.71,-2.88,4.01,-5.24,-1.32,-3.82
1625831029,-6.09,-0.33,-1.22,-0.28,-4.23,-1.08,-1.77
1625831030,-4.52,1.45,0.1,-3.12,-1.2,-0.99,0.83
1625831031,-1.64,2.72,0.21,-4.98,0.61,0.72,4.73
1625831032,1.27,3.03,0.04,-6.41,1.39,0.9,5.25
1625831033,3.38,3.12,0.57,-6.68,2.29,0.31,5.26
1625831034,5.21,2.52,1.11,-6.95,3.05,0.53,5.58
1625831035,6.85,1.13,1.99,-7.11,2.83,-1.53,4.05
1625831036,7.23,-0.9,2.12,-6.9,2.55,-1.8,3.9
1625831037,6.76,-3.03,2.36,-3.69,1.93,-1.99,1.41
1625831038,5.39,-4.99,2.22,0.71,-0.16,-1.87,-0.8
1625831039,3.68,-6.93,1.58,5.35,0.13,-3.35,-2.2
1625831040,1.97,-8.31,1.62,8.33,-1.16,-3.01,-2.14
1625831041,0.12,-8.79,1.7,10.26,-2.33,-2.89,-3.16
1625831042,-2.12,-8.62,1.66,11.54,-3.24,-1.82,-3.57
1625831043,-4.68,-7.69,1.53,11.81,-2.31,-1.94,-3.67
1625831044,-7.16,-6.01,1.76,11.97,-1.26,-1.42,0
1625831045,-7.82,-3.87,2.03,12.12,-1.58,-3.19,0.15
1625831046,-6.12,-1.4,2.01,12.05,0.3,-3.34,1.32
1625831047,-3.81,0.88,1.28,11.26,0.77,-3.19,2.87
1625831048,-1.81,2.29,-0.72,7.36,0.2,-0.68,2.19
1625831049,0.12,3.42,-2.97,4.73,0.11,0.66,1.47
1625831050,1.55,3.29,-5.03,3.39,-0.35,0.47,0.14
1625831051,2.03,2.07,-6.23,2.32,-1.41,-0.87,-0.67
1625831052,2.11,0.6,-6.46,1.97,-1.1,-0.49,-1.12
1625831053,1.72,-0.98,-6.22,1.55,-1.06,-1.74,-0.48
1625831054,1.47,-2.77,-4.92,1.21,-0.87,-2.51,0.12
1625831055,1.85,-4.09,-3.68,1.08,-1.03,-2.73,0.17
1625831056,3.05,-4.83,-2.42,0.46,-2.04,-2.06,0.31
1625831057,4.25,-5.44,-1.2,0.45,-2.66,-2.12,-1.23
1625831058,5.13,-5.29,-0.77,0.5,-2.47,-1.43,-1.31
1625831059,5.55,-5,0.55,0.46,-2.61,-1.53,-0.67
1625831060,4.79,-4.51,2.44,0.49,-2.93,-1.05,-0.61
1625831061,3.14,-3.91,4.11,1.08,-2.07,-1.8,-0.29
1625831062,0.48,-3.48,4.52,4.76,-1.23,-1.93,0.99
1625831063,-1.91,-2.92,3.92,7.38,-1.41,-3.02,1.65
1625831064,-3.18,-2.24,2.12,9.38,-1.62,-2.33,0.62
1625831065,-4.29,-1.83,-0.32,10.14,-0.8,-1.69,0.94
1625831066,-5.31,-1.39,-1.86,11.1,-0.42,-0.34,2.05
1625831067,-5.38,-1.19,-1.81,11.27,0.9,0.31,2.82
1625831068,-5.21,-0.86,-0.32,11.46,1.33,-2.26,3.51
1625831069,-5.18,-0.74,1.62,11.48,2.59,-3.13,4.6
1625831070,-5.78,-0.55,1.62,11.3,2.52,-4.9,4.82
1625831071,-5.88,-0.36,-0.05,8.48,2.18,-2.5,2.6
1625831072,-4.55,-0.03,-1.92,4.2,2.01,-2.59,2.52
1625831073,-1.76,-0.29,-3.46,0.2,1.47,-0.01,1.59
1625831074,0.7,-0.07,-3.65,-2.37,1.1,0.32,-0.25
1625831075,2.74,-0.27,-2.37,-3.01,1.21,-0.62,-0.63
1625831076,4.38,-0.81,-1.85,-4.22,1.22,-1.71,-0.13
1625831077,4.67,-1.51,-1.92,-4.36,0.5,-3.77,0.08
1625831078,4.08,-2.26,-3.21,-4.54,-0.7,-4.95,-2.58
1625831079,2.46,-2.87,-4.44,-4.74,-2.44,-4.93,-3.36
1625831080,0.76,-3.27,-5.61,-4.08,-2.83,-2.96,-4
1625831081,-0.03,-3.54,-5.98,-0.73,-3.47,-1.49,-3.84
1625831082,-0.36,-3.48,-5.94,2.9,-3.39,0.18,-2.39
1625831083,-0.66,-3.45,-5.16,4.82,-3.27,1.9,-1.45
1625831084,-0.29,-3.31,-2.77,5.51,-2.81,-0.13,-0.51
1625831085,-0.2,-3.17,0.13,6.62,-1.66,-2.13,0.59
1625831086,-1.07,-2.96,3.05,6.75,0.2,-1.48,2.08
1625831087,-2.68,-2.68,4.31,6.91,1.98,-0.77,4.94
1625831088,-4.04,-2.57,4.63,6.97,2.43,-0.19,5.87
1625831089,-4.83,-2,4.87,6.97,2.49,-1.15,5.63
1625831090,-4.87,-1.52,5.44,6.98,2.56,-2.55,3.88
1625831091,-3.96,-1.34,5.72,6.96,2.5,-4.32,2.83
1625831092,-3.63,-0.94,5.32,6.95,2.93,-2.18,2.4
1625831093,-3.69,-0.62,4.4,6.97,2.87,-2.41,3.28
1625831094,-3.71,-0.62,2.55,6.08,2.51,-2.33,2.46
1625831095,-2.96,-0.75,0.48,2.39,2.27,-1.92,0.23
1625831096,-1.67,-0.96,-1.46,-0.68,1.58,-3.23,-0.49
1625831097,-1.39,-1.24,-3.32,-2.75,0.99,-2.33,-2.09
1625831098,-1.66,-1.36,-4.86,-4.2,0.27,-2.67,-2.54
1625831099,-1.52,-1.36,-5.98,-4.72,-0.37,-1.27,-3.3
1625831100,-1.28,-1.37,-6.56,-4.9,-1.46,-0.91,-3.4
1625831101,-1.7,-1.17,-6.92,-5.16,-1.73,-0.18,-3.43
1625831102,-1.9,-0.87,-7.01,-5.98,-1.93,1.61,-3.26
1625831103,-0.89,-0.66,-6.11,-6.1,-1.67,1.33,-1.41
1625831104,0.74,-0.4,-4.46,-6.19,-0.87,-1.16,0.83
1625831105,2.32,-0.64,-1.94,-6.25,-0.4,-4.23,1.51
1625831106,2.85,-0.48,-0.15,-6.24,0.92,-4.4,3.51
1625831107,2.17,-0.72,-0.28,-6.21,0.53,-2.17,3.77
1625831108,0.88,-1.28,-0.33,-6.21,0.14,0.66,1.24
1625831109,-0.46,-1.4,0.75,-4.46,-0.25,1.11,0.31
1625831110,-1.58,-1.8,1.66,-1.64,-0.52,0.96,-0.41
1625831111,-1.76,-1.6,3.94,0.75,0.12,-1.69,-0.58
1625831112,-1.96,-1.78,4.59,2.39,0.06,-3.55,0.76
1625831113,-1.75,-1.68,4.88,2.91,0.77,-4.01,1.16
1625831114,-0.79,-1.69,4.74,3.2,0.98,-1.89,1.96
1625831115,0.73,-1.53,3.7,3.4,0.7,-0.86,1.62
1625831116,1.44,-1.36,1.52,3.5,0.61,1.56,0.7
1625831117,1.06,-1.59,-0.42,3.51,0.26,-0.69,0.72
1625831118,0.42,-1.62,-1.07,3.47,-0.36,-1.04,0.29
1625831119,-0.16,-1.9,-1.32,3.47,-1.59,-2.42,-2.64
1625831120,-0.72,-2.03,-1.09,3.49,-1.48,-3.01,-2.52
1625831121,-1.61,-2.35,-0.3,3.42,-1.82,-1.73,-0.86
1625831122,-1.51,-2.5,0.37,3.39,-2.47,-1.74,-1.78
1625831123,-0.52,-2.52,0.84,3.43,-3.13,-1.12,-2.62
1625831124,0.07,-2.5,0.98,3.38,-3.12,-2.69,-2.32
1625831125,-0.1,-2.38,0.51,3.37,-3.63,-2.98,-1.83
1625831126,-0.63,-2.33,-1.37,3.41,-4.24,-3.39,-2.27
1625831127,-0.16,-2.08,-3.18,3.41,-3.97,-3.47,-1.28
1625831128,0.44,-2.01,-5.12,3.45,-3.55,-2.99,-1.14
1625831129,0.1,-1.88,-5.95,3.45,-2.98,-0.54,0
1625831130,-0.53,-1.73,-6.02,3.43,-3.61,1.5,-0.42
1625831131,-0.57,-1.47,-4.79,3.5,-2.53,1.33,0.64
1625831132,0.15,-1.09,-2.8,3.47,-1.62,0.47,1.69
1625831133,1.44,-0.79,-0.97,3.49,-0.28,-0.64,2.94
1625831134,2.36,-0.67,0.7,3.5,-0.07,-2.76,3.81
1625831135,2.49,-0.74,1.39,3.48,0.67,-2.6,3.11
1625831136,1.72,-1.27,2.08,3.51,1.1,-3.06,4
1625831137,0.99,-1.75,2.54,3.52,1.16,-1.36,3.66
1625831138,0.79,-2.04,3.07,3.55,1,-1.12,2.25
1625831139,-0.21,-2.34,3.97,3.6,-0.25,-0.49,0.77
1625831140,-1.83,-2.9,4.65,3.55,-1.14,-1,-2.3
1625831141,-2.87,-3.02,4.75,3.51,-1.1,-2.21,-2.46
1625831142,-3.41,-2.93,4.59,3.5,-1.36,-3.27,-1.47
1625831143,-3.45,-2.56,4.27,1.82,-1.89,-2.61,-1.46
1625831144,-3.01,-1.99,2.08,-1.57,-2.07,-1.6,-2.28
1625831145,-2.02,-1.38,-0.35,-3.25,-2.28,-0.81,-1.69
1625831146,-0.51,-0.82,-2.51,-4.66,-2.09,0,-1.06
1625831147,1.24,-0.69,-3.06,-5.01,-2.36,-2.52,-0.66
1625831148,1.64,-0.7,-2.75,-5.94,-3.07,-4.56,-0.59
1625831149,1.59,-1.13,-2.03,-6.15,-4.25,-3.74,-2.3
1625831150,1.6,-1.64,-2.34,-6.3,-5.26,-0.51,-3.11
1625831151,1.63,-2.17,-3.34,-6.43,-4.6,0.91,-2.48
1625831152,1.05,-2.83,-3.51,-6.54,-4.83,0.74,-1.06
1625831153,1.04,-3.18,-2.68,-6.59,-4.33,-1.48,-0.97
1625831154,1.39,-3.3,-0.76,-6.58,-5.16,-2.59,-0.34
1625831155,1.52,-3.29,0.61,-5.28,-3.84,-1.98,0.24
1625831156,0.67,-3.2,1.43,-1.83,-3.55,-1.89,0.74
1625831157,0.19,-2.94,0.78,1.65,-2.25,-1.1,1.48
1625831158,0.13,-2.55,0.58,3.47,-1.76,-0.72,2.37
1625831159,-0.01,-2.25,0.07,4.68,-0.73,-4.27,3.41
1625831160,-1.07,-1.97,0.26,5.07,-1.37,-3.68,3
1625831161,-2.51,-1.58,-0.22,5.41,-0.92,-2.51,1.97
1625831162,-2.8,-0.97,-0.2,5.57,-0.33,0.75,2.23
1625831163,-2.28,-0.39,0.4,5.57,-0.33,2.59,2.21
1625831164,-1.41,0.08,1.39,5.53,0.08,1.81,2.03
1625831165,-0.88,0.7,2.89,5.52,1.17,-0.4,3.02
1625831166,-0.26,0.82,3.81,5.54,1.42,-5.22,3.56
1625831167,0.55,0.3,3.37,5.52,1.07,-5.35,3.08
1625831168,0.88,-0.11,2.06,5.46,0.68,-2.87,0.59
1625831169,0.17,-0.97,0.57,5.49,-0.31,-1.11,-0.38
1625831170,-0.36,-2.02,-1.15,5.48,-0.74,-0.18,-2.16
1625831171,-0.81,-2.84,-2.81,5.46,-0.44,-0.36,-1.99
1625831172,-0.97,-3.4,-3.64,5.39,-0.96,-1.77,-1.82
1625831173,-0.89,-3.68,-3.48,3.83,-0.96,-2.97,-1.45
1625831174,-0.21,-3.71,-2.89,1.01,-1.18,-3.21,-1.43
1625831175,0.05,-3.56,-1.92,-0.45,-0.26,-3.01,-0.28
1625831176,0.15,-3.39,-1.11,-1.61,0.42,-0.83,1.24
1625831177,1.06,-2.94,-0.65,-2.31,1.03,2.22,2.5
1625831178,2.32,-2.67,0.82,-2.36,0.84,1.24,3.17
1625831179,2.94,-2.44,2.18,-2.51,0.92,-1.75,1.65
1625831180,3.02,-2.37,2.62,-2.63,0.59,-3.13,1.25
1625831181,3.25,-2.29,2.1,-2.66,0.27,-4.27,0.46
1625831182,2.42,-2.66,0.51,-2.61,-0.63,-3.85,-0.19
1625831183,-0.01,-2.75,-1.59,-2.62,-1.07,-2.39,-2.19
1625831184,-2.49,-2.61,-2.79,-2.62,-2.58,-1.66,-3.22
1625831185,-3.88,-2.25,-3.15,-2.7,-2.3,-0.17,-2.65
1625831186,-4.15,-1.65,-1.88,-2.74,-2.37,0.09,-2.61
1625831187,-3.51,-1.27,-0.29,-2.72,-1.2,-0.58,-0.45
1625831188,-2.28,-0.47,1.22,-2.72,-1.01,-0.73,0.18
1625831189,-1.27,-0.17,1.68,-2.72,-0.69,-1.63,0.96
1625831190,-1.01,0.12,1.35,-2.76,-0.32,-2.21,2.03
1625831191,-0.84,0.28,0.82,-2.78,-0.27,-2.95,2.12
1625831192,-0.42,0.21,0.54,-2.81,-0.2,-1.86,0.96
1625831193,0.05,0.04,-0.01,-2.77,-0.77,-0.83,1.28
1625831194,1.5,-0.35,-0.36,-2.81,-0.69,-1.12,0.56
1625831195,3.52,-1.01,-0.32,-2.81,-0.96,-0.73,0.17
1625831196,4.5,-1.73,-0.35,-1.89,-1.88,-0.78,-1.36
1625831197,4.29,-2.67,-1.2,2.12,-1.94,-1.78,-1.97
1625831198,3.42,-3.43,-1.67,5.43,-2.82,-1.44,-2.46
1625831199,2.06,-3.97,-1.97,7.86,-4.51,-1.73,-2.56
1625831200,0.54,-4.42,-2.08,9.16,-4.38,-2.63,-3.83
1625831201,-0.5,-4.56,-1.23,9.98,-4.85,-2.97,-3.12
1625831202,-1.76,-4.4,-1.34,10.16,-5.18,-2,-2.22
1625831203,-2.72,-3.75,-0.63,10.31,-5.59,-1.53,-2.7
1625831204,-3.41,-3.09,-0.23,10.76,-5.65,-0.57,-1.78
1625831205,-3.57,-2.18,-0.68,10.95,-4.87,-1.15,-1.18
1625831206,-3.03,-1.23,-1.04,10.93,-2.8,0.88,1.4
1625831207,-1.58,-0.5,-0.07,9.2,-0.22,-0.02,4.25
1625831208,-0.19,-0.36,0.57,5.62,0,-1.57,4.51
1625831209,0.88,-0.35,2.19,2.57,-0.34,-3.46,4.16
1625831210,0.7,-0.75,2.2,1.01,-0.05,-3.78,2.75
1625831211,-0.73,-1.38,1.67,0.23,-0.18,-1.86,1.82
1625831212,-2.36,-1.97,0.36,-0.08,-0.64,-0.86,0.79
1625831213,-3.78,-2.46,-1.19,-0.44,-0.65,0.01,-0.49
1625831214,-4.54,-2.77,-2.08,-0.77,-1,-1.31,-1
1625831215,-4.01,-2.55,-1.88,-1.65,-0.71,-1.33,-0.47
1625831216,-2.71,-2.19,-1.71,-3.58,-0.63,-1.13,-0.41
1625831217,-1.66,-1.77,-0.33,-5.08,-0.39,-0.65,0.5
1625831218,-0.7,-1.33,0.03,-6.43,-0.82,-2.09,0.23
1625831219,-0.23,-0.99,0.1,-6.83,-0.53,-0.73,-0.47
1625831220,-0.15,-0.66,-0.31,-7.05,-1.14,-0.22,-0.12
1625831221,0.12,-0.47,0.05,-7.69,-0.61,-0.66,-0.39
1625831222,1.12,-0.41,1.53,-7.93,0.35,-1.09,1.5
1625831223,2.73,-0.33,3.41,-8.09,0.41,-3.08,2.1
1625831224,3.54,-0.63,4.48,-8.11,-0.14,-3.34,0.84
1625831225,3.51,-0.87,3.8,-8.26,-0.7,-1.69,-0.07
1625831226,3.8,-1.08,2.18,-7.14,-1.86,-0.11,-2.5
1625831227,4.32,-1.46,0.18,-3.75,-2.89,-1.96,-2.91
1625831228,4.17,-2.21,-1.17,0.75,-4.49,-3.22,-3.91
1625831229,3.08,-2.88,-1.9,5.15,-6.43,-2.6,-4.29
1625831230,0.93,-3.34,-2,7.63,-5.65,-3.08,-3.73
1625831231,-0.27,-3.73,-1.14,9.44,-5.5,0.19,-2.56
1625831232,-0.74,-4.11,-0.24,10.08,-5.19,0.66,-1.46
1625831233,-0.77,-4.14,1.37,10.61,-4.66,-0.2,-0.73
1625831234,-1.16,-3.91,3.1,11.31,-4.41,-0.67,0.24
1625831235,-1.19,-3.37,3.21,11.34,-3.73,-1.48,0.38
1625831236,-1.19,-2.91,2.97,11.34,-3.79,-2.65,0.23
1625831237,-1.27,-2.36,3.03,11.31,-2.73,-3.75,1.6
1625831238,-1.74,-1.87,1.98,9.42,-2.65,-5.06,2.01
1625831239,-2.4,-1.4,1.12,5.75,-2.56,-3.01,1.11
1625831240,-3.63,-1.05,-0.33,1.61,-2.68,-3.61,0.88
1625831241,-4.36,-0.66,-1.93,-1.03,-2.56,-0.97,0.89
1625831242,-4.31,-0.34,-3.16,-2.89,-2.09,-0.79,0.04
1625831243,-3.32,-0.08,-3.37,-4.71,-0.77,-1.38,1.72
1625831244,-1.24,0.17,-2.99,-5.8,-0.93,-1.97,1.9
1625831245,0.26,0.25,-1.89,-6.28,-0.36,0.47,1.86
1625831246,1.3,0.07,-1.09,-6.56,0.08,1.17,2.04
1625831247,2.76,-0.35,-0.25,-6.71,0.25,0.15,1.97
1625831248,4.46,-0.98,0.07,-6.96,0.13,-1.38,1.86
1625831249,5.98,-1.75,1.01,-7.02,0.63,-0.74,1.94
1625831250,7.13,-2.62,1.98,-6.99,0.21,-1.96,1.18
1625831251,7.13,-3.28,3.81,-6.64,0.33,-3.16,1.73
1625831252,6.15,-4.07,4.19,-3.64,0.55,-3.34,1.61
1625831253,4.56,-4.53,3.95,0.72,-0.7,-3.25,0.88
1625831254,2.68,-4.74,3.77,5.1,-1.85,-2.18,-2.13
1625831255,1.12,-4.69,3.07,7.48,-2.23,-2.54,-3.34
1625831256,0.11,-4.45,1.73,9.28,-2.14,-0.96,-2.23
1625831257,-1.18,-4.07,0.99,9.84,-1.82,-0.85,-1.77
1625831258,-2.7,-3.68,0.74,10.28,-1.99,-0.52,-1.42
1625831259,-4.35,-3.04,0.12,10.46,-2.05,-0.91,-1.19
1625831260,-5.68,-1.92,0.1,11.03,-1.33,-2,0.44
1625831261,-6.02,-1.08,0.74,11.19,-1.07,-5.17,1.44
1625831262,-5.12,-0.22,0.4,11.13,0.31,-3.5,2.73
1625831263,-4.34,0.54,0.51,8.58,0.33,-1.51,2.75
1625831264,-3.68,1.19,-0.39,4.52,0.53,-0.5,2.5
1625831265,-1.93,1.4,-1.21,0.14,-0.1,1,1.74
1625831266,1.11,1.34,-1.67,-2.35,0.22,-1.55,1.37
1625831267,3.74,0.87,-2.46,-2.96,-0.2,-2.15,0.71
1625831268,4.93,-0.08,-3.19,-4.22,-0.51,-3.78,0.19
1625831269,5.14,-1.06,-4.53,-4.51,-1.06,-1.6,-1.34
1625831270,5.08,-2.77,-4.8,-4.68,-2.2,-0.99,-2.28
1625831271,5.01,-4.16,-4.59,-4.83,-2.3,-1.38,-2.85
1625831272,5.24,-5,-2.43,-4.81,-2.6,-2.67,-2.11
1625831273,5.53,-5.65,-0.05,-1.99,-2.56,-1.01,-2.13
1625831274,4.86,-5.76,2.18,1.82,-2.61,-1.76,-1.51
1625831275,3.06,-5.52,3.56,6.36,-2.41,-1.55,-0.95
1625831276,1.21,-5.11,3.71,9.76,-2.46,-0.49,-0.45
1625831277,-0.91,-4.27,3.19,11.61,-1.92,-2.93,0.36
1625831278,-2.69,-3.48,2.23,12.38,-1.21,-2.52,1.34
1625831279,-3.97,-2.66,1.82,13.25,-0.68,-2.11,1.95
1625831280,-5.17,-1.61,2.4,13.56,0.24,-0.29,3.07
1625831281,-6.12,-0.66,3.34,13.56,1.05,-0.48,3.47
1625831282,-6.03,0.06,4.33,13.68,1.65,-1.91,4.22
1625831283,-4.6,0.54,4.57,12.06,2.05,-2.41,4.22
1625831284,-3.52,0.85,3.94,8.22,2.06,-1.8,2.97
1625831285,-3.35,0.61,1.3,3.4,1.59,-0.85,2.59
1625831286,-3.09,0.25,-0.35,-0.29,1.43,-0.44,0.21
1625831287,-2.9,-0.2,-1.51,-2.5,1.07,-3.45,-0.08
1625831288,-3.24,-0.65,-2.28,-4.22,0.32,-3.64,-1.84
1625831289,-3.41,-1.03,-3.23,-4.45,0.3,-4.42,-2.13
1625831290,-2.67,-0.97,-4.34,-4.64,0.1,-1.94,-1.76
1625831291,-0.88,-1.15,-5.97,-4.84,-0.51,-1.2,-1.75
1625831292,2.05,-1.39,-7.02,-5.07,-0.23,0.32,-0.84
1625831293,4.24,-2.01,-6.25,-5.8,-0.42,-0.76,-0.71
1625831294,4.88,-2.56,-3.99,-5.78,-0.64,-0.5,-0.63
1625831295,4.71,-3.2,-1.88,-5.95,-0.82,-2.39,-1.62
1625831296,3.85,-3.81,-1.05,-5.91,-0.44,-3.11,-0.9
1625831297,3.17,-4.35,-0.79,-5.93,-0.22,-2.81,0.58
1625831298,2.9,-4.81,-0.34,-5.02,-0.77,-2.4,0.6
1625831299,2.55,-4.83,-0.26,-1.84,-0.35,-2.2,0.02
1625831300,2.13,-4.67,0.62,2.76,-0.48,0.17,-0.14
1625831301,1.72,-4.2,1.44,4.97,0.65,1.18,1.08
1625831302,0.56,-3.63,2.83,6.39,0.71,-1.37,1.66
1625831303,-0.96,-3,3.96,7.08,1.23,-2.55,1.76
1625831304,-1.19,-2.23,4.82,7.42,1.72,-2.39,2.83
1625831305,-0.96,-1.65,4.57,7.62,1.48,-3.22,2.15
1625831306,-1.04,-1.31,4.75,7.93,1.58,-0.89,2.23
1625831307,-1.28,-0.99,4.16,7.92,1.78,-0.1,1.68
1625831308,-1.4,-0.79,2.83,7.92,1.6,-2.22,1.83
1625831309,-1.71,-0.8,2.53,7.94,1.19,-2.88,0.28
1625831310,-2.47,-0.97,1.11,7.86,0.38,-1.17,-0.73
1625831311,-3.19,-1.04,0.44,7.86,-0.11,-1.07,-1.43
1625831312,-2.62,-1.16,-0.03,7.86,-0.4,0.42,-1.94
1625831313,-1.66,-1.26,-1.05,7.54,-1.2,-0.61,-2.22
1625831314,-1.13,-1.53,-1.07,4.95,-2.05,-1.49,-3.19
1625831315,-1.43,-1.83,-2.5,2.13,-3.53,-3,-3.92
1625831316,-1.83,-1.95,-3.71,0.17,-5.82,-4.17,-4.67
1625831317,-1.93,-2.08,-5.31,-0.63,-9.05,-3.19,-6
1625831318,-1.45,-2.05,-6.9,-1.44,-8.75,-2.45,-5.61
1625831319,0.14,-2,-8.2,-1.89,-9.83,0.27,-5.2
1625831320,2.42,-2.25,-8.49,-2.32,-9.03,1.04,-3.88
1625831321,3.72,-2.17,-6.92,-2.33,-7.05,-1,-0.38
1625831322,4.48,-2.44,-5,-2.34,-4.04,-1.78,1.8
1625831323,4.9,-3.05,-2.75,-2.37,-3.05,-1.94,3.64
1625831324,4.9,-3.44,-1.48,-2.34,-2.4,-1.95,3.63
1625831325,3.69,-4.39,-0.27,-2.31,-2.32,-1.55,3.27
1625831326,1.46,-4.67,1.35,-2.31,-2.31,0.59,2.72
1625831327,0.04,-4.94,2.99,-2.26,-1.73,0.56,2.39
1625831328,-0.53,-4.94,4.47,-1.65,-1.16,-1.37,1.69
1625831329,-1.94,-4.84,5.61,0.82,-0.4,-2.49,2.56
1625831330,-3.55,-4.19,6.62,2.44,0.01,-3.56,2.75
1625831331,-3.82,-3.39,6.78,2.99,1.11,-3.1,2.78
1625831332,-3.95,-2.62,5.65,3.29,0.46,-4.02,2.65
1625831333,-4.42,-1.71,4.7,3.4,-0.01,-2.78,1.19
1625831334,-4.73,-0.98,3.69,3.54,-0.73,-2.18,-0.39
1625831335,-4.91,-0.5,1.3,3.56,-0.86,-0.64,-1.15
1625831336,-4.33,-0.32,-0.4,3.6,-1.62,-1.45,-2.09
1625831337,-2.9,-0.24,-1.23,3.59,-1.69,0.08,-1.84
1625831338,-1.98,-0.16,-2.09,3.62,-2.5,-0.94,-2
1625831339,-1.41,-0.14,-2.31,3.6,-2.83,-2.41,-2.04
1625831340,-0.9,-0.75,-3.21,3.35,-3.03,-1.86,-1.67
1625831341,-0.21,-1.24,-3.75,1.46,-3.41,-0.24,-0.97
1625831342,0.78,-1.49,-3.98,-0.31,-3.42,0.38,-0.74
1625831343,1.98,-1.92,-4.1,-1.6,-3.95,-1.78,-1.67
1625831344,3.48,-2.59,-3.17,-2.34,-4.25,-2.63,-2.25
1625831345,4.52,-2.94,-2.52,-2.35,-3.91,-3.77,-1.27
1625831346,4.92,-3.26,-1.52,-2.51,-4.46,-4.56,-2.03
1625831347,4.68,-3.64,-1.11,-2.63,-6.81,-3.81,-2.35
1625831348,3.71,-3.99,-1.15,-2.65,-6.55,-1.92,-3.53
1625831349,2.17,-4.14,-1.47,-2.73,-7.6,0.19,-3.62
1625831350,0.52,-4.09,-1.41,-2.75,-5.37,1.83,-2.36
1625831351,-0.78,-4.03,-0.19,-2.74,-5.58,-0.26,0.34
1625831352,-1.69,-3.58,2.04,-1.75,-3.73,-2.94,0.81
1625831353,-2.71,-3.14,3.83,1.05,-1.01,-5.77,3.93
1625831354,-3.58,-2.39,4.45,2.76,-0.35,-3.65,5.34
1625831355,-4.45,-1.52,3.97,3.3,0.33,0.96,4.44
1625831356,-4.62,-0.61,3.03,4.05,0.42,2.1,4.06
1625831357,-3.96,-0.12,3.4,4.16,1.15,1.82,4.08
1625831358,-2.81,0.13,4.24,4.33,1.91,-0.94,3.52
1625831359,-1.63,0.3,4.8,4.28,2.91,-3.34,4.39
1625831360,-0.99,0.13,4.78,4.29,2.78,-3.97,4.77
1625831361,-0.7,-0.34,4.53,4.43,2.21,-1.92,2.48
1625831362,0.15,-0.96,3.72,4.44,1.64,-2.82,0.9
1625831363,1.59,-1.46,2.49,4.38,0.96,-2.7,-1.48
1625831364,2.94,-1.99,1.8,4.33,0.1,-1.15,-1.91
1625831365,3.16,-2.44,1.24,4.31,-0.63,-2.23,-3.77
1625831366,2.25,-2.88,0.39,4.36,-4.56,-4.06,-4.43
1625831367,0.63,-3.04,-1.57,4.32,-8.29,-2.21,-6.01
1625831368,-0.33,-2.95,-3.98,4.31,-11.98,-3.06,-7.16
1625831369,-0.33,-2.74,-5.72,4.32,-13.43,-0.91,-7.81
1625831370,0.41,-2.53,-7.74,4.24,-12.01,-1.59,-6.84
1625831371,0.92,-1.93,-7.62,2.56,-12.14,-0.6,-5
1625831372,0.82,-1.42,-7.62,1.12,-9.95,-0.36,-2.08
1625831373,0.34,-1.5,-6.67,0.46,-8.78,-1.11,-0.05
1625831374,-0.76,-1.21,-6.79,0.32,-7.19,-0.11,0.61
1625831375,-1.2,-1.18,-5.86,0.06,-3.07,-0.64,3.38
1625831376,-0.35,-1.22,-4.07,-0.21,-0.09,-2.1,5.87
1625831377,1.16,-1.18,-1.05,-0.33,0.9,-3.95,6.74
1625831378,2.69,-1.6,1.35,-0.42,1.99,-2.85,6.89
1625831379,3.03,-2.03,2.98,-0.4,2.15,-2.29,6.41
1625831380,3.15,-2.54,3.84,-0.38,2.23,-0.06,4.5
1625831381,3.73,-3.2,3.91,-0.37,1.76,0.23,4.01
1625831382,3.66,-4.06,4.35,-0.36,1.44,-0.97,2
1625831383,2.36,-4.58,4.9,-0.38,0.61,-1.77,-0.03
1625831384,0.6,-4.63,5.15,-0.42,-0.45,-3.64,-1.13
1625831385,-0.42,-4.36,4.91,-0.4,-1.02,-3.62,-2.11
1625831386,-1.13,-3.94,4.42,-0.44,-1.92,-2.79,-3.02
1625831387,-2.18,-3,4.47,-0.46,-3.28,-2.31,-4.27
1625831388,-3.04,-1.85,2.91,-0.47,-5.66,-3.88,-5.08
1625831389,-3.02,-0.59,1.14,-0.48,-5.46,-3,-5.04
1625831390,-2.4,0.42,-0.44,-0.64,-5.5,-2.93,-3.86
1625831391,-1.36,1.04,-2.62,-0.71,-5.87,-1.21,-3.05
1625831392,-0.55,1.16,-4.48,-0.69,-7.48,0.48,-3.23
1625831393,-0.02,0.93,-5.51,-0.67,-8.12,1.24,-3.33
1625831394,-0.02,0.11,-5.54,-0.69,-8.94,0.36,-4.49
1625831395,0.41,-0.78,-4,-0.65,-7.91,-0.53,-3.42
1625831396,2.03,-1.54,-1.49,-0.67,-5.94,-1.82,0.82
1625831397,3.5,-2.3,0.55,-0.64,-3.79,-3.08,2.21
1625831398,4.54,-2.98,1.36,-0.6,-1.47,-3.17,4.21
1625831399,5.41,-3.55,1.3,-0.34,-2.31,-5.18,3.81
1625831400,5.05,-4.35,-0.22,2.39,-2.91,-5.36,1.88
1625831401,3.92,-4.88,-1.37,5.81,-3.72,-3.82,0.97
1625831402,2.33,-5.6,-2.76,9.7,-4.26,0.67,-1.3
1625831403,1.59,-6.3,-2.7,11.73,-4.34,2.38,-1.17
1625831404,1.62,-6.71,-0.2,12.18,-3.1,3.06,0.51
1625831405,1.76,-7.12,3.69,13.18,-2.18,-1.26,1.14
1625831406,0.17,-7.19,5.31,13.27,-0.33,-2.03,2.26
1625831407,-2.3,-6.74,7.39,13.34,-0.59,-2.76,3.48
1625831408,-3.25,-5.79,8.24,13.47,0.88,-3.37,3.28
1625831409,-3.83,-4.67,8.75,13.51,0.96,-1.57,3.9
1625831410,-4.34,-3.2,8.26,13.03,0.68,-3.33,3.16
1625831411,-5.26,-1.73,7.36,10.05,0.3,-3.14,1.56
1625831412,-6.09,-0.39,6.02,5.85,0.02,-2.29,1.04
1625831413,-6.29,0.74,4.83,0.84,-0.59,-4.16,-0.12
1625831414,-6.3,1.54,3.84,-2.93,-0.86,-2.41,-1.08
1625831415,-5.78,1.83,0.88,-6.27,-1.36,-0.18,-1.61
1625831416,-4.68,1.56,-1.07,-7.17,-2.71,2.41,-2.66
1625831417,-2.71,1.31,-2.64,-8.36,-2.19,1.44,-2.49
1625831418,-1.15,0.62,-2.84,-8.64,-1.72,0.1,-1.59
1625831419,0.31,-0.08,-2.42,-8.88,-0.87,-1.74,0.25
1625831420,2.37,-0.97,-1.7,-9.18,-1.02,-3.79,0.46
1625831421,4.6,-1.84,-1.12,-9.47,-1.28,-5.23,0.28
1625831422,5.92,-2.86,-1.14,-9.6,-3.35,-2.77,-1.03
1625831423,6.42,-3.9,-2.32,-9.63,-4.39,0.52,-2.2
1625831424,7.39,-4.74,-2.8,-8.03,-5.57,1.43,-3.51
1625831425,8.09,-5.61,-1.9,-4.25,-5.94,-0.63,-3.49
1625831426,6.97,-6.33,-0.21,0.56,-5.7,-2.88,-3.11
1625831427,4.28,-6.55,2.14,5.1,-5.6,-5.47,-2.14
1625831428,0.55,-6.57,3.36,8.25,-6.38,-4.17,-2.22
1625831429,-2.71,-6.04,1.93,10.34,-5.74,-0.49,-2.1
1625831430,-4.66,-5.09,1.27,11.48,-4.27,0.91,-0.03
1625831431,-5.41,-3.97,1.78,11.91,-3.85,0.06,1.23
1625831432,-6.59,-2.9,3.44,12.18,-0.86,-1.03,2.48
1625831433,-7.92,-1.55,4.33,12.2,0.64,-2.78,4.57
1625831434,-7.86,-0.4,4.41,11.53,1.65,-2.97,5.49
1625831435,-6.43,0.87,4.39,8.32,1.88,-4.33,5.72
1625831436,-4.37,1.6,2.14,3.69,2.41,-2.13,4.68
1625831437,-2.49,1.77,0.11,-0.4,2.19,-0.37,4.18
1625831438,-1.08,1.59,-0.79,-2.79,2.06,-0.48,2.13
1625831439,-0.4,1.23,-0.34,-4.4,1.65,-0.97,1.36
1625831440,-0.47,0.5,1.04,-4.9,1.56,-0.05,0.78
1625831441,-0.33,-0.31,0.94,-5.53,0.96,-0.34,-0.69
1625831442,0.72,-1.04,0.96,-6.12,-0.09,-0.88,-1.79
1625831443,2.58,-1.95,0.53,-6.41,-1.04,-2.71,-3.58
1625831444,5.14,-2.84,0.36,-6.37,-2.08,-3.09,-3.28
1625831445,6.91,-3.61,0.28,-6.57,-2.68,-4.54,-3.7
1625831446,6.78,-4.25,0.62,-6.57,-5.22,-3.4,-3.81
1625831447,5.63,-4.47,-0.07,-5.7,-8.94,-1.42,-6.33
1625831448,4.11,-4.79,-1.62,-1.9,-13.8,-0.54,-6.98
1625831449,1.96,-4.68,-3.25,2.75,-13.82,-1,-8.41
1625831450,-0.45,-4.55,-4.14,5.66,-12.61,-2.15,-6.45
1625831451,-2.13,-3.87,-3.3,7.57,-11.83,-3.17,-5.32
1625831452,-3.13,-3.07,-1.46,9.27,-10.14,-2.42,-1.23
1625831453,-3.03,-2.4,0.52,9.48,-7.81,-1.8,-0.21
1625831454,-2.64,-1.39,2.17,9.62,-5.29,-0.52,3.52
1625831455,-2.51,-0.81,2.95,9.95,-3.39,-1.5,3.45
1625831456,-2.1,-0.31,3,9.87,-0.59,-1.17,4.95
1625831457,-1.12,-0.08,3.1,10.06,-0.09,-0.57,5.49
1625831458,-0.69,0.06,2.55,8.81,1.39,-1.97,5.1
1625831459,-1.04,-0.5,2.83,5.51,2.09,-1.85,5.38
1625831460,-1.52,-0.5,2.97,2.47,2.53,-2.11,5.11
1625831461,-1.03,-1.22,2.5,1.01,2.25,-2.38,4.39
1625831462,-0.23,-1.75,2.44,-0.04,2.14,-2.21,2.76
1625831463,0.59,-2.37,2.94,-0.37,2.07,-1.05,2.03
1625831464,2,-2.68,3.32,-0.7,2.38,-0.43,1.24
1625831465,3.03,-3.05,3.62,-1.1,1.36,-0.75,0.93
1625831466,3.33,-3.24,4.26,-1.44,0.92,-1.04,-0.91
1625831467,2.14,-3.54,4.2,-1.44,-1.89,-2.23,-3.07
1625831468,0.26,-3.65,3.63,-1.56,-3.79,-4.56,-4.87
1625831469,-1.36,-3.16,1.5,-1.59,-6.69,-3.97,-5.46
1625831470,-3.09,-2.44,-1.14,-1.57,-8.87,-4.27,-6.39
1625831471,-4.33,-1.46,-3.05,-1.64,-7.49,-3.09,-4.49
1625831472,-5.46,-0.59,-5.06,-1.69,-6.24,0.02,-3.87
1625831473,-6.16,0.27,-6.69,-1.69,-5.84,2.24,-2.4
1625831474,-5.84,1.14,-6.85,-1.7,-4.36,2.15,-0.12
1625831475,-4.46,1.55,-5.96,-1.83,-1.76,0.2,2.62
1625831476,-2.77,1.67,-4.47,-1.81,0.25,-2.7,4.29
1625831477,-1.27,1.55,-3.02,-1.83,1.87,-1.24,5.89
1625831478,0.01,0.99,-1.86,-1.82,2.14,-2.15,6.87
1625831479,2.54,0.11,-1.13,-1.81,3.95,-0.92,6.36
1625831480,6.36,-0.67,0.87,-1.85,4.13,-1.39,6.8
1625831481,8.74,-1.92,2.89,-1.85,4.12,-2.1,5.28
1625831482,8.6,-3.19,4.42,-1.84,3.15,-2.82,3.78
1625831483,6.88,-4.87,3.8,-1.88,2.23,-2.84,-1.31
1625831484,4.91,-6.09,2.39,-1.93,0.48,-1.26,-2.91
1625831485,3.09,-6.56,1.64,-1.87,-0.75,-3.56,-4.01
